<?xml version="1.0" encoding="UTF-8"?>
<beans:beans xmlns:beans="http://www.springframework.org/schema/beans"
	xmlns:xsi="http://www.w3.org/2001/XMLSchema-instance" xmlns:context="http://www.springframework.org/schema/context"
	xmlns="http://www.springframework.org/schema/security" xmlns:p="http://www.springframework.org/schema/p"
	xsi:schemaLocation="
	http://www.springframework.org/schema/security 
	http://www.springframework.org/schema/security/spring-security-3.2.xsd
	http://www.springframework.org/schema/beans 
	http://www.springframework.org/schema/beans/spring-beans.xsd 
	http://www.springframework.org/schema/aop 
	http://www.springframework.org/schema/aop/spring-aop.xsd 
	http://www.springframework.org/schema/context  
	http://www.springframework.org/schema/context/spring-context-3.2.xsd 
	http://www.springframework.org/schema/tx 
	http://www.springframework.org/schema/tx/spring-tx-3.2.xsd">

	<http pattern="/css/**" security="none" />
	<http pattern="/images/**" security="none" />
	<http pattern="/js/**" security="none" />
	<http pattern="/resources/**" security="none" />
	<http pattern="/javax.faces.resource/*" security="none" />

	<!-- <http auto-config="true" use-expressions="true" -->
	<!-- entry-point-ref="authenticationEntryPoint"> -->
	<!-- <intercept-url pattern="/j_spring_security_check" -->
	<!-- access="isAnonymous()" /> -->
	<!-- <form-login login-page="/login.xhtml" password-parameter="formLogin:txtUsuario" -->
	<!-- username-parameter="formLogin:txtContrasenna" /> -->

	<!-- <logout logout-success-url="/login.xhtml" /> -->

	<!-- <intercept-url pattern="/admin/**" access="hasRole('ROLE_ADMIN')" /> -->
	<!-- </http> -->

	<!-- <beans:bean id="authenticationEntryPoint" -->
	<!-- class="com.spring.jsf.primefaces.config.CustomLoginUrlAuthenticationEntryPoint" -->
	<!-- p:loginFormUrl="/login.xhtml" p:redirectStrategy-ref="redirectStrategy" 
		/> -->

	<!-- <beans:bean id="redirectStrategy" -->
	<!-- class="com.spring.jsf.primefaces.config.CustomRedirectStrategy" /> -->



	<http auto-config="true">
		<intercept-url pattern="/index.xhtml" access="ROLE_USER" />
		<intercept-url pattern="/admin/**" access="ROLE_ADMIN" />

		<form-login login-page="/login.xhtml"
			authentication-failure-url="/login.xhtml?erro=true" />
	</http>

	<authentication-manager>
		<authentication-provider>
			<jdbc-user-service data-source-ref="dataSource"
				users-by-username-query="select u.emial as user_name, u.password as password, u.activo as enabled from usuario u where u.emial = ? "
				authorities-by-username-query="select u.emial as user_name ,  r.role as authority from usuario u , usuario_roles ur, role r where u.id = ur.usuarioId and ur.roleId = r.id and u.emial = ? " />
		</authentication-provider>
	</authentication-manager>

	<beans:bean id="dataSource"
		class="org.springframework.jdbc.datasource.DriverManagerDataSource">
		<beans:property name="driverClassName" value="com.mysql.jdbc.Driver" />
		<beans:property name="url"
			value="jdbc:mysql://localhost:3306/sistemaBasico" />
		<beans:property name="username" value="root" />
		<beans:property name="password" value="root" />
	</beans:bean>
</beans:beans>
