<?xml version="1.0" encoding="UTF-8"?>
<beans:beans 
xmlns:beans="http://www.springframework.org/schema/beans"
xmlns:xsi="http://www.w3.org/2001/XMLSchema-instance" 
xmlns:context="http://www.springframework.org/schema/context"
xmlns="http://www.springframework.org/schema/security" 
xmlns:p="http://www.springframework.org/schema/p"
xsi:schemaLocation="
	http://www.springframework.org/schema/security 
	http://www.springframework.org/schema/security/spring-security-3.2.xsd
	http://www.springframework.org/schema/beans 
	http://www.springframework.org/schema/beans/spring-beans.xsd 
	http://www.springframework.org/schema/aop 
	http://www.springframework.org/schema/aop/spring-aop.xsd 
	http://www.springframework.org/schema/context  
	http://www.springframework.org/schema/context/spring-context-3.2.xsd 
	http://www.springframework.org/schema/tx 
	http://www.springframework.org/schema/tx/spring-tx-3.2.xsd">

	<http auto-config="true" use-expressions="true"	entry-point-ref="authenticationEntryPoint">

		<form-login login-page="/login.xhtml" password-parameter="formLogin:txtUsuario"
			username-parameter="formLogin:txtContrasenna" />

		<logout logout-success-url="/login.xhtml" />

		<intercept-url pattern="/admin/**" access="hasRole('ROLE_ADMIN')" />
	</http>

	<authentication-manager alias="authenticationManager">
		<authentication-provider>
			<user-service>
				<user name="admin" password="admin" authorities="ROLE_ADMIN" />
			</user-service>
		</authentication-provider>
	</authentication-manager>

	<beans:bean id="authenticationEntryPoint"
		class="com.spring.jsf.primefaces.config.CustomLoginUrlAuthenticationEntryPoint" p:loginFormUrl="/login.xhtml"
		p:redirectStrategy-ref="redirectStrategy" />
		
	<beans:bean id="redirectStrategy" class="com.spring.jsf.primefaces.config.CustomRedirectStrategy" />

</beans:beans>
