<?xml version="1.0" encoding="utf-8"?>
<faces-config version="2.0" xmlns="http://java.sun.com/xml/ns/javaee"
	xmlns:xsi="http://www.w3.org/2001/XMLSchema-instance"
	xsi:schemaLocation="http://java.sun.com/xml/ns/javaee http://java.sun.com/xml/ns/javaee/web-facesconfig_2_0.xsd">
    
    <name>primefaces</name>
    
    <component>
		<component-type>org.primefaces.component.SentinelMenu</component-type>
		<component-class>org.primefaces.sentinel.component.menu.SentinelMenu</component-class>
	</component>
    
    <render-kit>
        <renderer>
			<component-family>org.primefaces.component</component-family>
			<renderer-type>org.primefaces.component.SentinelMenuRenderer</renderer-type>
			<renderer-class>org.primefaces.sentinel.component.menu.SentinelMenuRenderer</renderer-class>
		</renderer>
    </render-kit>
    
    <application>
		<el-resolver>org.springframework.web.jsf.el.SpringBeanFacesELResolver</el-resolver>
	</application>
    
</faces-config>